{
  "main": {
    "name": "José Figueira",
    "occupation": "Desarrollador Frontend",
    "description": "",
    "image": "profilepic.jpg",
    "bio": "Soy José Figueira, desarrollador frontend apasionado por crear interfaces modernas y funcionales. Especializado en TypeScript, React, Next.js y TailwindCSS. He trabajado como freelance en proyectos de automatización de CRM y desarrollo web, y actualmente desempeño mis funciones como desarrollador en Creditaria España, trabajando en sistemas de CRM y automatización de procesos con inteligencia artificial.",
    "contactmessage": "¡Construyamos algo increíble juntos!",
    "email": "figueira205@proton.me",
    "phone": "",
    "address": {
      "street": "",
      "city": "Madrid",
      "state": "España",
      "zip": ""
    },
    "website": "",
    "resumedownload": "",
    "social": [
      {
        "name": "linkedin",
        "url": "https://www.linkedin.com",
        "className": "fa fa-linkedin"
      },
      {
        "name": "github",
        "url": "https://github.com",
        "className": "fa fa-github"
      }
    ],
    "profiles": []
  },
  "resume": {
    "skillmessage": "Mi Arsenal Técnico",
    "education": [
      {
        "school": "CCC (Centro de Formación Profesional)",
        "degree": "Desarrollo de Aplicaciones Web",
        "graduated": "Abril 2025",
        "description": "Formación especializada en desarrollo web frontend y backend"
      }
    ],
    "work": [
      {
        "company": "Creditaria España",
        "title": "Desarrollador Frontend",
        "years": "2025 - Presente"
      },
      {
        "company": "Orlam (Freelance)",
        "title": "Desarrollador Frontend - Sistema CRM",
        "years": "2024 - 2025"
      },
      {
        "company": "Ramírez de Lozada (Freelance)",
        "title": "Desarrollador Web",
        "years": "2023 - 2024"
      }
    ],
    "skills": [
      {
        "name": "React & Next.js",
        "level": "90%"
      },
      {
        "name": "TypeScript",
        "level": "85%"
      },
      {
        "name": "TailwindCSS",
        "level": "90%"
      },
      {
        "name": "JavaScript ES6+",
        "level": "90%"
      },
      {
        "name": "HTML5 & CSS3",
        "level": "95%"
      },
      {
        "name": "API REST",
        "level": "80%"
      },
      {
        "name": "Componentes Reutilizables",
        "level": "85%"
      },
      {
        "name": "Responsive Design",
        "level": "95%"
      }
    ]
  },
  "portfolio": {
    "projects": [
      {
        "title": "Sistema CRM - Orlam",
        "about": "Desarrollo de un sistema CRM completo para una empresa logística. Interfaz intuitiva para gestión de clientes, pedidos y seguimiento de envíos con dashboards en tiempo real.",
        "image": "/byte.png",
        "url": "https://github.com"
      },
      {
        "title": "Web Ramírez de Lozada",
        "about": "Sitio web moderno para empresa de vinos. Catálogo de productos interactivo, carrito de compra, integración de pagos y diseño responsive optimizado para conversión.",
        "image": "/akshaya.png",
        "url": "https://github.com"
      },
      {
        "title": "Dashboard de Automatización",
        "about": "Desarrollo de dashboards interactivos para monitoreo de procesos automatizados. Visualización de datos en tiempo real, gráficos dinámicos y controles de automatización con IA.",
        "image": "/devdump.png",
        "url": "https://github.com"
      }
    ]
  },
  "testimonials": {
    "testimonials": []
  }
}
